{
    "loss": 4.763319969177246,
    "accuracy": 0.7566988468170166
}